id,key
0,5kel_I_Q_U
1,6cwt_F_C_D
2,4fp8_B_I_M
3,4yjz_E_L_l
4,6j15_D_H_L
5,4f2m_F_C_D
6,6cmi_B_D_C
7,6u9s_C_A_B
8,6mto_T_H_L
9,5w9h_G_H_I
10,6dkj_D_A_B
11,5hdq_A_H_L
12,5gs2_A_H_h
13,3l5x_A_H_L
14,6ogx_G_C_D
15,6ogx_G_H_L
16,6cmg_A_C_B
17,5b8c_C_B_A
18,3rhw_B_F_N
19,6e4x_B_Z_Y
20,3r08_E_H_L
21,2x7l_M_G_I
22,5b71_F_D_C
23,6wo3_E_H_L
24,6tou_G_A_a
25,1wej_F_H_L
26,1oaz_A_H_L
27,3v6z_F_A_B
28,5i8h_D_G_H
29,4o58_A_H_L
30,5bk2_B_C_D
31,6pzf_A_H_L
32,2adf_A_H_L
33,5esv_G_H_L
34,6w16_F_H_L
35,2qr0_P_R_Q
36,5esz_C_A_B
37,4j4p_A_H_L
38,6vgr_A_C_D
39,6ppg_F_H_L
40,5xmh_A_H_L
41,4zyp_C_D_E
42,5uk0_E_I_i
43,3u2s_G_H_L
44,6glx_A_H_L
45,1qfw_A_H_L
46,4nzt_M_H_L
47,6wo5_F_H_L
48,6wo5_F_A_B
49,6mej_C_A_B
50,4gxu_K_W_X
51,6q23_A_H_L
52,3etb_M_I_i
53,6pxh_B_H_L
54,3vrl_C_H_L
55,4ot1_A_H_L
56,6mvl_A_H_L
57,1fns_A_H_L
58,6cwd_D_B_b
59,4hcr_B_M_N
60,5ken_F_G_H
61,7bxa_P_H_L
62,6kz0_G_H_I
63,3vga_A_C_B
64,2jel_P_H_L
65,5xmh_B_D_C
66,6mtq_T_H_L
67,1tqb_A_B_C
68,6ayz_A_B_D
69,5veb_Y_H_L
70,6pzz_D_K_J
71,3w9e_C_A_B
72,5w23_C_H_L
73,2w9e_A_H_L
74,1h0d_C_B_A
75,6oao_K_L_l
76,5dhv_M_H_L
77,1jrh_I_H_L
78,4gms_E_J_N
79,3s35_X_H_L
80,6ii8_E_J_K
81,4ywg_G_H_L
82,5en2_C_A_B
83,5jym_C_D_d
84,1hez_E_D_C
85,6al1_A_H_L
86,1iqd_C_B_A
87,4jr9_A_H_L
88,4dke_B_I_M
89,5fhc_J_A_B
90,5vag_A_C_B
91,6csf_M_H_L
92,4v1d_C_D_E
93,6wo4_E_H_L
94,6woq_F_G_H
95,6ddm_C_B_A
96,6shg_B_H_L
97,6aq7_A_H_L
98,6p9h_A_H_L
99,5xbm_F_E_D
100,6j6y_A_B_C
101,6q20_A_H_L
102,6ko5_A_H_L
103,5w42_A_H_L
104,6s8j_E_Y_U
105,2xqy_A_G_L
106,6apd_C_F_G
107,5v2a_A_H_L
108,6djp_B_E_F
109,3u30_A_C_B
110,1ynt_G_D_C
111,6ejg_B_D_d
112,6i04_A_H_L
113,1pkq_E_B_A
114,4k2u_B_I_M
115,4i77_Z_H_L
116,5y9j_A_H_L
117,6n6b_A_K_L
118,6a3w_L_J_K
119,6n5d_A_C_D
120,5d1x_E_C_D
121,3liz_A_H_L
122,5lsp_A_H_L
123,1fe8_A_H_L
124,2vir_C_B_A
125,4nnp_A_H_L
126,6fy1_G_H_L
127,6s3d_O_E_F
128,6q0o_A_Z_B
129,3sqo_A_H_L
130,6ln2_A_C_B
131,5tz2_C_H_L
132,6cvk_D_B_b
133,2qqn_A_H_L
134,6phc_I_A_B
135,6kyz_A_B_C
136,5w08_C_K_L
137,4hfu_A_H_L
138,5f3h_L_E_F
139,1tzi_V_B_A
140,3bsz_E_N_M
141,6oy4_A_D_C
142,2nr6_B_F_E
143,3ks0_A_K_J
144,4tvp_B_D_E
145,4uu9_D_H_L
146,6l62_A_H_L
147,3eo1_I_H_G
148,5k9k_F_H_L
149,5xjm_A_H_L
150,6hig_B_H_L
151,2vdk_A_H_L
152,3bdy_V_H_L
153,4hc1_B_M_N
154,3t2n_A_H_L
155,5k9o_I_H_L
156,4okv_F_A_B
157,6ddv_C_B_A
158,6u02_A_H_L
159,5f3b_D_E_F
160,4yzf_D_K_L
161,6azz_D_F_E
162,4edw_V_H_L
163,6de7_B_D_E
164,6de7_G_H_L
165,6jbt_F_H_L
166,6jjp_F_D_E
167,6i8s_C_G_K
168,5u68_B_F_f
169,5ikc_M_B_A
170,5kem_A_B_C
171,4g80_I_G_H
172,6oe5_A_H_L
173,1ymh_F_D_C
174,1tzh_V_H_L
175,6umx_A_H_L
176,5occ_A_H_L
177,3jab_C_H_L
178,5tud_D_F_E
179,2fjg_W_H_L
180,4ki5_M_E_F
181,1z3g_B_I_M
182,5vgj_G_H_L
183,5anm_F_H_L
184,3s36_X_H_L
185,5iwl_D_A_a
186,4m7l_T_H_L
187,6u36_B_H_L
188,5w06_T_H_L
189,5ugy_E_J_N
190,3sob_B_H_L
191,6uyg_E_A_B
192,5dhx_C_B_b
193,6phb_I_D_C
194,4ers_A_H_L
195,4uao_A_C_B
196,6b0s_C_H_L
197,6fxn_B_F_G
198,1qfu_A_H_L
199,6mi2_F_D_E
200,5n7w_X_H_L
201,6s8i_C_P_O
202,2vxq_A_H_L
203,5bjz_B_D_H
204,6b0e_E_B_A
205,4dqo_C_H_L
206,6ocb_A_H_L
207,2fjh_W_B_A
208,5wi9_A_H_L
209,4lqf_A_H_L
210,3ab0_A_B_C
211,4qhu_D_B_A
212,6ek2_A_H_h
213,6ddr_C_B_A
214,6phf_G_A_B
215,5t29_O_H_L
216,6pdx_B_M_N
217,4edx_V_H_L
218,6meh_C_H_L
219,1bj1_W_H_L
220,5vyf_C_B_A
221,5w0d_A_B_C
222,5d1x_E_B_A
223,6n5b_B_H_L
224,5vl7_B_H_L
225,5udc_A_B_C
226,4zff_C_A_B
227,5w1k_J_L_K
228,4hwb_A_H_L
229,6ck9_B_D_E
230,6ck9_G_H_L
231,1k4c_C_A_B
232,6svl_N_K_M
233,5u3d_E_B_A
234,1nmc_N_H_L
235,5l6y_C_H_L
236,5y11_C_A_B
237,5o14_B_C_D
238,6lgw_F_C_D
239,6hx4_B_H_L
240,6q1z_A_H_L
241,5dfw_A_H_h
242,2arj_Q_H_L
243,6pze_A_H_L
244,6ii8_A_G_I
245,6i07_D_B_b
246,6pzy_F_I_L
247,2ybr_I_G_H
248,4gxu_A_M_N
249,6q18_A_H_L
250,3mxw_A_H_L
251,6woq_E_J_K
252,1uj3_C_B_A
253,3vi4_D_H_L
254,5ujz_E_I_I
255,6glx_B_C_D
256,6ii9_E_P_Q
257,5g64_B_I_M
258,5t5b_E_H_L
259,6cwt_E_A_B
260,4k3j_B_H_L
261,2j6e_B_I_M
262,6h5n_A_C_B
263,1eo8_A_H_L
264,5bk1_A_H_L
265,5tzt_C_H_L
266,5xhv_E_H_L
267,4hf5_A_H_L
268,3v6o_B_D_F
269,6r2s_C_B_A
270,6ejm_A_I_i
271,1rjl_C_B_A
272,4hj0_B_C_D
273,1ahw_F_E_D
274,5b3j_D_H_L
275,2aep_A_H_L
276,5ken_E_J_I
277,2ypv_A_H_L
278,6apd_A_N_O
279,6d6t_B_J_I
280,1jps_T_H_L
281,5otj_C_H_L
282,6s8d_E_Y_U
283,4lvn_A_C_B
284,4ki5_M_C_D
285,2vxt_I_H_L
286,5nj6_A_H_L
287,5ggr_Z_H_L
288,6uyg_E_H_L
289,4dag_A_H_L
290,6uqr_D_C_c
291,5dfv_A_C_D
292,5fhc_K_H_L
293,5ug0_A_D_C
294,6a4k_B_I_M
295,1nma_N_H_L
296,6b0a_A_H_L
297,2zuq_D_F_E
298,6bkd_E_H_L
299,6dc3_F_H_L
300,5nuz_D_H_L
301,6vel_C_H_L
302,5gru_A_L_l
303,6mug_B_D_E
304,6mug_G_H_L
305,5f3j_B_D_d
306,3iu3_K_A_B
307,4rdq_E_G_F
308,1hys_B_D_C
309,4kvn_A_H_L
310,5eu7_B_F_D
311,5uek_A_H_L
312,1egj_A_H_L
313,6i9i_D_H_L
314,6bdz_A_H_L
315,4cmh_A_B_C
316,6mei_C_H_L
317,6n5e_B_G_F
318,4hkx_E_A_B
319,3jbq_F_H_L
320,6oan_A_B_b
321,6bkc_E_H_L
322,3lzf_A_H_L
323,5xku_A_C_B
324,3l5w_J_B_A
325,6z2l_A_C_B
326,6q0i_A_H_L
327,6cvk_C_A_a
328,4gms_C_I_M
329,6glw_B_C_D
330,4yk4_A_C_B
331,1i9r_B_K_M
332,1qfw_B_I_M
333,6b0g_E_D_C
334,4lvh_J_K_L
335,3ld8_A_C_B
336,6uye_A_G_J
337,4i2x_F_D_C
338,6pzw_C_F_E
339,4i9w_A_E_D
340,1nca_N_H_L
341,2aeq_A_H_L
342,3g6d_A_H_L
343,5jz7_B_H_L
344,1fsk_G_I_H
345,6b08_A_C_B
346,5kaq_C_F_G
347,7c61_A_H_L
348,6j14_G_A_B
349,4m62_S_H_L
350,4f3f_C_B_A
351,5anm_E_D_C
352,4dgi_A_H_L
353,2vwe_A_E_C
354,2zjs_Y_H_L
355,6j11_B_F_G
356,5w6g_A_H_L
357,6bkb_E_H_L
358,5tzu_C_H_L
359,6k0y_C_A_B
360,4fqj_A_H_L
361,4f15_J_K_L
362,5t5f_A_H_L
363,5w1k_E_D_C
364,5sy8_O_H_L
365,6pis_A_I_M
366,1adq_A_H_L
367,5vl3_Q_H_L
368,1ots_B_E_F
369,6pxh_A_C_D
370,5ggs_Y_C_D
371,5gru_A_H_h
372,5kte_A_H_L
373,6snh_X_H_L
374,6eyo_A_H_L
375,5fb8_C_B_A
376,4m5z_A_H_L
377,3pgf_A_H_L
378,5d1q_E_C_D
379,5tpn_A_H_L
380,6gku_A_H_L
381,3d85_C_B_A
382,6ii4_A_H_L
383,6otc_A_H_L
384,4ywg_Q_I_M
385,4f37_A_H_L
386,4g7v_S_H_L
387,3raj_A_H_L
388,5d1q_E_B_A
389,2vxs_D_J_N
390,6b0h_I_D_C
391,3nfp_I_H_L
392,4uta_B_H_L
393,5d8j_A_H_L
394,6elu_J_K_L
395,5aam_C_A_a
396,5c8j_J_E_F
397,6rcu_A_B_C
398,2r0l_A_H_L
399,1yjd_C_H_L
400,6iw2_P_Q_R
401,5vjq_J_C_D
402,5c0n_B_C_D
403,1jhl_A_H_L
404,6iut_A_H_L
405,2b2x_A_H_L
406,6rcv_F_H_G
407,4ut9_A_H_L
408,1dzb_X_A_a
409,5xj3_L_J_K
410,3qum_P_B_A
411,6hhc_A_H_L
412,4xtr_A_E_F
413,5yhl_A_H_L
414,4mhh_E_H_L
415,5gmq_A_B_C
416,6gv1_A_H_L
417,5dum_A_H_L
418,6r8x_A_C_B
419,5kvf_E_H_L
420,4c2i_C_H_L
421,4dtg_K_H_L
422,5zs0_C_B_A
423,3bn9_B_D_C
424,6niu_A_I_J
425,5sx4_N_H_L
426,3hi6_A_H_L
427,6c6z_B_H_L
428,6o39_C_B_A
429,5dup_A_H_L
430,6n81_A_H_L
431,5zxv_B_C_D
432,2wuc_A_H_L
433,4ybl_A_B_C
434,5jhl_A_H_L
435,6nyq_C_H_L
436,6iuv_B_C_D
437,5o1r_A_H_L
438,6flb_G_H_L
439,1p2c_C_B_A
440,1mlc_E_B_A
441,6y9b_B_J_N
442,6usf_D_H_L
443,6plk_E_H_L
444,3c09_D_H_L
445,1ndm_C_B_A
446,5e8e_H_B_A
447,3so3_A_C_B
448,1bql_Y_H_L
449,3x3f_A_H_L
450,1fdl_Y_H_L
451,2oz4_A_H_L
452,5bo1_A_I_M
453,1za3_R_H_L
454,3wih_A_H_L
455,6dfi_E_H_L
456,3k2u_A_H_L
457,6al5_A_H_L
458,5yy5_A_H_L
459,4ffy_A_H_L
460,1a2y_C_B_A
461,3uzq_B_A_a
462,5vic_E_H_L
463,4plj_A_H_L
464,6p3s_E_C_D
465,4ffz_X_Z_Y
466,4xak_B_D_E
467,2r56_B_I_M
468,6jep_E_H_L
469,6ewb_D_J_K
470,5tl5_A_H_L
471,2zch_P_H_L
472,3nps_A_B_C
473,5ggv_Y_H_L
474,4mwf_D_A_B
475,3iyw_A_H_L
476,4al8_C_H_L
477,4uif_C_K_L
478,1afv_A_H_L
479,6urh_C_H_L
480,3u9p_D_H_L
481,5ob5_A_H_L
482,5y0a_A_D_E
483,3nh7_D_K_O
484,6c6y_S_A_B
485,6mb3_E_H_L
486,1ztx_E_H_L
487,6okm_R_H_L
488,5kvd_E_H_L
489,6lz9_B_H_L
490,6flc_I_B_A
491,4qci_C_H_L
492,1mhp_B_X_Y
493,5lbs_B_I_M
494,2eiz_C_B_A
495,6m3b_A_C_B
496,4lmq_F_E_I
497,3ixx_A_G_H
498,1bvk_C_B_A
499,2h9g_S_H_L
500,5x8l_B_G_L
501,4ut6_B_I_M
502,4cau_A_E_e
503,6nip_Z_H_L
504,4i18_C_H_L
505,5vig_Z_H_L
506,4d9q_B_E_D
507,4oii_B_I_M
508,2bdn_A_H_L
509,5nmv_K_H_L
510,5wth_B_E_D
511,6o3a_E_B_A
512,6osh_K_H_L
513,6wmw_B_M_N
514,3skj_E_H_L
515,6fax_R_H_L
516,6iec_I_J_K
517,5kvg_E_H_L
518,6uta_C_A_B
519,3uzv_A_B_b
520,4u0r_A_B_C
521,4od2_S_B_A
522,4u1g_D_E_F
523,4zpt_S_H_L
524,6vja_C_H_L
525,6wmw_B_H_L
526,4utb_B_I_M
527,1ndg_C_B_A
528,6ieb_A_H_L
529,6h2y_D_H_L
530,3j8d_F_D_D
531,3b2v_A_H_L
532,5do2_B_C_D
533,5gzo_B_C_D
534,3kj4_A_H_L
535,5mo9_X_H_L
536,6a67_B_C_D
537,5o6v_B_H_L
538,4ttd_B_C_D
539,6iek_A_B_C
540,6usf_A_K_M
541,6p3s_O_M_N
542,6rcu_A_E_D
543,6p3s_X_V_W
544,5cbe_E_A_B
545,6aod_C_B_A
546,4bz2_A_H_L
547,5dmi_A_H_L
548,1dqj_C_B_A
549,6pe8_T_H_L
550,2uzi_R_H_L
551,4zs6_B_C_D
552,5x8m_A_B_C
553,6iea_A_H_L
554,3rkd_B_D_C
555,3d9a_C_H_L
556,7bue_C_J_K
557,5h35_D_H_I
558,5cba_E_A_B
559,4ogx_A_H_L
560,5tlk_Y_H_G
561,1g7l_C_B_A
562,6p3r_E_C_D
563,5wk3_D_W_V
564,6m3c_G_K_J
565,1c08_C_B_A
566,4tsb_A_H_L
567,6o3b_H_G_E
568,4rau_C_B_A
569,1fbi_X_H_L
570,6y92_B_C_D
571,3uc0_B_I_M
572,3p0y_A_H_L
573,1mhp_A_H_L
574,2r29_A_H_L
575,1e6j_P_H_L
576,5gs2_B_D_d
577,4xnm_D_B_A
578,3kr3_D_H_L
579,3i50_E_H_L
580,4cni_C_H_L
581,4bz1_A_H_L
582,5dur_C_H_L
583,5ggt_A_H_L
584,6a0z_A_H_L
585,6osv_K_H_L
586,2r0k_A_H_L
587,6bp2_A_H_L
588,4tsa_A_H_L
589,4l5f_E_H_L
590,6j5d_A_H_L
591,3qum_Q_K_M
592,4r0l_C_A_B
593,5l0q_A_C_B
594,3qa3_E_B_A
595,4d3c_A_H_L
